{
    "p": 0.9393182435267692,
    "r": 0.9341165381235487,
    "f": 0.936710169399741
}